{"ACH": {"min": -0.42316498744581266, "max": 2.8245569865780293, "sum": 3.1650137429251863, "count": 4, "numbers": [0.0, -0.42316498744581266, 2.8245569865780293, 0.7636217437929695], "average": 0.7912534357312966, "median": 0.38181087189648477}, "ADA": {"min": -0.21535762875431538, "max": 0.39295243163001414, "sum": 0.17759480287569876, "count": 3, "numbers": [0.0, -0.21535762875431538, 0.39295243163001414], "average": 0.05919826762523292, "median": 0.0}, "ANKR": {"min": 0.0, "max": 0.33226851671097846, "sum": 0.45901142614926305, "count": 3, "numbers": [0.0, 0.33226851671097846, 0.12674290943828456], "average": 0.15300380871642102, "median": 0.12674290943828456}, "AVAX": {"min": -0.2570403298697576, "max": 0.2575549109523625, "sum": 0.0005145810826048813, "count": 3, "numbers": [0.0, -0.2570403298697576, 0.2575549109523625], "average": 0.00017152702753496044, "median": 0.0}, "BCH": {"min": 0.0, "max": 0.3463760156457787, "sum": 0.4525176870740437, "count": 3, "numbers": [0.0, 0.106141671428265, 0.3463760156457787], "average": 0.15083922902468125, "median": 0.106141671428265}, "BTC": {"min": -0.03673805466810118, "max": 0.0, "sum": -0.03673805466810118, "count": 2, "numbers": [0.0, -0.03673805466810118], "average": -0.01836902733405059, "median": -0.01836902733405059}, "DOGE": {"min": 0.06608777708987018, "max": 0.06608777708987018, "sum": 0.06608777708987018, "count": 1, "numbers": [0.06608777708987018], "average": 0.06608777708987018, "median": 0.06608777708987018}, "DOT": {"min": 0.0021362218539372406, "max": 0.0021362218539372406, "sum": 0.0021362218539372406, "count": 1, "numbers": [0.0021362218539372406], "average": 0.0021362218539372406, "median": 0.0021362218539372406}, "ETC": {"min": 0.15104842468595597, "max": 0.15104842468595597, "sum": 0.15104842468595597, "count": 1, "numbers": [0.15104842468595597], "average": 0.15104842468595597, "median": 0.15104842468595597}, "ETH": {"min": 0.2093919781727047, "max": 0.2093919781727047, "sum": 0.2093919781727047, "count": 1, "numbers": [0.2093919781727047], "average": 0.2093919781727047, "median": 0.2093919781727047}, "FET": {"min": -0.06610249685496965, "max": -0.06610249685496965, "sum": -0.06610249685496965, "count": 1, "numbers": [-0.06610249685496965], "average": -0.06610249685496965, "median": -0.06610249685496965}, "FIL": {"min": 0.19608334885669265, "max": 0.8480952720846563, "sum": 1.044178620941349, "count": 2, "numbers": [0.8480952720846563, 0.19608334885669265], "average": 0.5220893104706745, "median": 0.5220893104706745}, "FTM": {"min": 0.2956283628761996, "max": 0.2956283628761996, "sum": 0.2956283628761996, "count": 1, "numbers": [0.2956283628761996], "average": 0.2956283628761996, "median": 0.2956283628761996}, "GALA": {"min": 0.027007826456306065, "max": 0.027007826456306065, "sum": 0.027007826456306065, "count": 1, "numbers": [0.027007826456306065], "average": 0.027007826456306065, "median": 0.027007826456306065}, "GRT": {"min": 0.05493912546178781, "max": 0.05493912546178781, "sum": 0.05493912546178781, "count": 1, "numbers": [0.05493912546178781], "average": 0.05493912546178781, "median": 0.05493912546178781}, "HBAR": {"min": -0.01353127957918332, "max": -0.01353127957918332, "sum": -0.01353127957918332, "count": 1, "numbers": [-0.01353127957918332], "average": -0.01353127957918332, "median": -0.01353127957918332}, "ICX": {"min": 0.2119391887982163, "max": 1.2637671787007694, "sum": 2.4173731313929134, "count": 4, "numbers": [1.2637671787007694, 0.2119391887982163, 0.4708333819469639, 0.4708333819469639], "average": 0.6043432828482284, "median": 0.4708333819469639}, "LINK": {"min": 0.2425726356249259, "max": 0.2425726356249259, "sum": 0.2425726356249259, "count": 1, "numbers": [0.2425726356249259], "average": 0.2425726356249259, "median": 0.2425726356249259}, "LTC": {"min": 0.31577416634057953, "max": 0.31577416634057953, "sum": 0.31577416634057953, "count": 1, "numbers": [0.31577416634057953], "average": 0.31577416634057953, "median": 0.31577416634057953}, "MASK": {"min": -0.03753828831942756, "max": 0.3601806925789017, "sum": 0.3226424042594741, "count": 2, "numbers": [0.3601806925789017, -0.03753828831942756], "average": 0.16132120212973705, "median": 0.16132120212973705}, "MATIC": {"min": -0.18621129712872353, "max": -0.18621129712872353, "sum": -0.18621129712872353, "count": 1, "numbers": [-0.18621129712872353], "average": -0.18621129712872353, "median": -0.18621129712872353}, "NEAR": {"min": -0.06890207756700693, "max": -0.06890207756700693, "sum": -0.06890207756700693, "count": 1, "numbers": [-0.06890207756700693], "average": -0.06890207756700693, "median": -0.06890207756700693}, "RNDR": {"min": 0.7739332690237343, "max": 2.341991575049072, "sum": 3.1159248440728065, "count": 2, "numbers": [0.7739332690237343, 2.341991575049072], "average": 1.5579624220364032, "median": 1.5579624220364032}, "SOL": {"min": 0.165895181647117, "max": 0.165895181647117, "sum": 0.165895181647117, "count": 1, "numbers": [0.165895181647117], "average": 0.165895181647117, "median": 0.165895181647117}, "VET": {"min": 0.0056699592189193935, "max": 0.0056699592189193935, "sum": 0.0056699592189193935, "count": 1, "numbers": [0.0056699592189193935], "average": 0.0056699592189193935, "median": 0.0056699592189193935}, "WAVES": {"min": -0.20639876967242946, "max": -0.20639876967242946, "sum": -0.20639876967242946, "count": 1, "numbers": [-0.20639876967242946], "average": -0.20639876967242946, "median": -0.20639876967242946}, "XLM": {"min": 0.2804664307167688, "max": 0.2804664307167688, "sum": 0.2804664307167688, "count": 1, "numbers": [0.2804664307167688], "average": 0.2804664307167688, "median": 0.2804664307167688}, "ZIL": {"min": 0.21523682787639972, "max": 0.21523682787639972, "sum": 0.21523682787639972, "count": 1, "numbers": [0.21523682787639972], "average": 0.21523682787639972, "median": 0.21523682787639972}}